Player,Team,Pos,Age,G,AB,R,H,2B,3B,HR,RBI,SB,CS,BB,SO,SH,SF,HBP,AVG,OBP,SLG,OPS
Mookie Betts,BOS,OF,28,158,672,122,214,42,5,31,113,26,4,49,80,0,7,2,.318,.363,.534,.897
Robinson Cano,SEA,2B,38,161,655,107,195,33,2,39,103,0,1,47,100,0,5,8,.298,.350,.533,.883
Xander Bogaerts,BOS,SS,28,157,652,115,192,34,1,21,89,13,4,58,123,0,3,6,.294,.356,.446,.802
George Springer,HOU,OF,31,162,644,116,168,29,5,29,82,9,10,88,178,0,1,11,.261,.359,.457,.816
Jose Altuve,HOU,2B,31,161,640,108,216,42,5,24,96,30,10,60,70,3,7,7,.338,.396,.531,.927
Manny Machado,BAL,3B,29,157,640,105,188,40,1,37,96,0,3,48,120,0,5,3,.294,.343,.533,.876
Jean Segura,ARI,2B,31,153,637,102,203,41,7,20,64,33,10,39,101,4,2,12,.319,.368,.499,.867
Alcides Escobar,KC,SS,34,162,637,57,166,24,6,7,55,17,4,27,96,10,5,3,.261,.292,.350,.642
Evan Longoria,TB,3B,35,160,633,81,173,41,4,36,98,0,3,42,144,0,7,3,.273,.318,.521,.839
Dustin Pedroia,BOS,2B,37,154,633,105,201,36,1,15,74,7,4,61,73,1,3,0,.318,.376,.449,.825
Corey Seager,LAD,SS,27,157,627,105,193,40,5,26,72,3,3,54,133,0,2,4,.308,.365,.512,.877
Ian Desmond,TEX,OF,35,156,625,107,178,29,3,22,86,21,6,44,160,0,3,5,.285,.335,.446,.781
Jose Abreu,CWS,1B,34,159,624,67,183,32,1,25,100,0,2,47,125,0,9,15,.293,.353,.468,.821
Adam Eaton,CWS,OF,32,157,619,91,176,29,9,14,59,14,5,63,115,7,3,14,.284,.362,.428,.790
Adam Jones,BAL,OF,35,152,619,86,164,19,0,29,83,2,0,39,115,1,8,5,.265,.310,.436,.746
Ian Kinsler,DET,2B,39,153,618,117,178,29,4,28,83,14,6,45,115,0,3,13,.288,.348,.484,.832
Nolan Arenado,COL,3B,30,160,618,116,182,35,6,41,133,2,3,68,103,0,8,2,.294,.362,.570,.932
Jonathan Schoop,BAL,2B,29,162,615,82,164,38,1,25,82,1,2,21,137,0,3,8,.267,.298,.454,.752
Brian Dozier,MIN,2B,34,155,615,104,165,35,5,42,99,18,2,61,138,2,5,8,.268,.340,.546,.886
Mark Trumbo,BAL,DH,35,159,613,94,157,27,1,47,108,2,0,51,170,0,0,3,.256,.316,.533,.849
Jason Kipnis,CLE,2B,34,156,610,91,168,41,4,23,82,15,3,60,146,5,7,6,.275,.343,.469,.812
Eric Hosmer,KC,1B,31,158,605,80,161,24,1,25,104,5,3,57,132,0,4,1,.266,.328,.433,.761
Rougned Odor,TEX,2B,27,150,605,89,164,33,4,33,88,14,7,19,135,0,4,4,.271,.296,.502,.798
Francisco Lindor,CLE,SS,27,158,604,99,182,30,3,15,78,19,5,57,88,3,15,5,.301,.358,.435,.793
Kris Bryant,CHC,3B,29,155,603,121,176,35,3,39,102,8,5,75,154,0,3,18,.292,.385,.554,.939
Edwin Encarnacion,TOR,DH,38,160,601,99,158,34,0,42,127,2,0,87,138,0,8,5,.263,.357,.529,.886
Martin Prado,MIA,3B,37,153,600,70,183,37,3,8,75,2,2,49,69,0,5,4,.305,.359,.417,.776
Nick Markakis,ATL,OF,37,158,599,67,161,38,0,13,89,0,2,71,101,0,9,5,.269,.346,.397,.743
Wil Myers,SD,OF,30,157,599,99,155,29,4,28,94,28,6,68,160,0,5,4,.259,.336,.461,.797
Andrew McCutchen,PIT,OF,34,153,598,81,153,26,3,24,79,6,7,69,143,0,3,5,.256,.336,.430,.766
Kyle Seager,SEA,3B,33,158,597,89,166,36,3,30,99,3,1,69,108,0,2,8,.278,.359,.499,.858
Miguel Cabrera,DET,DH,38,158,595,92,188,31,1,38,108,0,0,75,116,0,5,4,.316,.393,.563,.956
Kole Calhoun,LAA,OF,33,157,594,91,161,35,5,18,75,2,3,67,118,0,5,6,.271,.348,.438,.786
Albert Pujols,LAA,1B,41,152,593,71,159,19,0,31,119,4,0,49,75,0,6,2,.268,.323,.457,.780
Melky Cabrera,CWS,OF,36,151,591,70,175,42,5,14,86,2,0,47,69,3,5,0,.296,.345,.455,.800
Todd Frazier,CWS,3B,35,158,590,89,133,21,0,40,98,15,5,64,163,1,7,4,.225,.302,.464,.766
Jonathan Villar,MIL,2B,30,156,589,92,168,38,3,19,63,62,18,79,174,5,4,2,.285,.369,.457,.826
Freddie Freeman,ATL,1B,31,158,589,102,178,43,6,34,91,6,1,89,171,0,5,10,.302,.400,.569,.969
Nelson Cruz,SEA,DH,41,155,589,96,169,27,1,43,105,2,0,62,159,0,7,9,.287,.360,.555,.915
Carlos Gonzalez,COL,OF,35,150,584,87,174,42,2,25,100,2,2,46,129,0,1,1,.298,.350,.505,.855
Freddy Galvis,PHI,2B,31,158,584,61,141,26,3,20,67,17,6,25,136,8,4,3,.241,.274,.399,.673
Anthony Rizzo,CHC,1B,31,155,583,94,170,43,4,32,109,3,5,74,108,0,3,16,.292,.385,.544,.929
Adrian Beltre,TEX,3B,42,153,583,89,175,31,1,32,104,1,1,48,66,0,3,6,.300,.358,.521,.879
Odubel Herrera,PHI,OF,29,159,583,87,167,21,6,15,49,25,7,63,134,2,2,6,.286,.361,.420,.781
Carlos Santana,CLE,1B,35,158,582,89,151,31,3,34,87,5,2,99,99,0,5,2,.259,.366,.498,.864
Stephen Piscotty,STL,OF,30,153,582,86,159,35,3,22,85,7,5,51,133,1,2,12,.273,.343,.457,.800
Maikel Franco,PHI,3B,28,152,581,67,148,23,1,25,88,1,1,40,106,0,4,5,.255,.306,.427,.733
Paul Goldschmidt,ARI,1B,33,158,579,106,172,33,3,24,95,32,5,110,150,0,8,7,.297,.411,.489,.900
Christian Yelich,MIA,OF,29,155,578,78,172,38,3,21,98,9,4,72,138,0,5,4,.298,.376,.483,.859
Charlie Blackmon,COL,OF,35,143,578,111,187,35,5,29,82,17,9,43,102,3,4,13,.324,.381,.552,.933
Carlos Correa,HOU,SS,26,153,577,76,158,36,3,20,96,13,3,75,139,0,3,5,.274,.361,.451,.812
Starlin Castro,NYY,2B,31,151,577,63,156,29,1,21,70,4,0,24,118,1,5,3,.270,.300,.433,.733
Josh Donaldson,TOR,3B,35,155,577,122,164,32,5,37,99,7,1,109,119,2,3,9,.284,.404,.549,.953
Denard Span,SF,OF,37,143,572,70,152,23,5,11,53,12,7,53,79,6,2,4,.266,.331,.381,.712
Justin Upton,DET,OF,33,153,570,81,140,28,2,31,87,9,4,50,179,0,2,4,.246,.310,.465,.775
Adrian Gonzalez,LAD,1B,39,156,568,69,162,31,0,18,90,0,2,55,117,0,6,4,.285,.349,.435,.784
Marcus Semien,OAK,SS,30,159,568,72,135,27,2,27,75,10,2,51,139,1,1,0,.238,.300,.435,.735
Anthony Rendon,WAS,3B,31,156,567,91,153,38,2,20,85,12,6,65,117,0,8,7,.270,.348,.450,.798
Chris Davis,BAL,1B,35,157,566,99,125,21,0,38,84,1,0,88,219,0,3,8,.221,.332,.459,.791
Jose Ramirez,CLE,3B,28,152,565,84,176,46,3,11,76,22,7,44,62,1,4,4,.312,.363,.462,.825
Eugenio Suarez,CIN,3B,30,159,565,78,140,25,2,21,70,11,5,51,155,0,3,8,.248,.317,.411,.728
Didi Gregorius,NYY,SS,31,153,562,68,155,32,2,20,70,7,1,19,82,5,5,6,.276,.304,.447,.751
Jackie Bradley,BOS,OF,31,156,558,94,149,30,7,26,87,9,2,63,143,0,5,10,.267,.349,.486,.835
Kendrys Morales,KC,1B,38,154,558,65,147,24,0,30,93,0,0,48,120,0,5,7,.263,.327,.468,.795
Mike Napoli,CLE,1B,39,150,557,92,133,22,1,34,101,5,1,78,194,0,5,5,.239,.335,.465,.800
Marcell Ozuna,MIA,OF,30,148,557,75,148,23,6,23,76,0,3,43,115,0,4,4,.266,.321,.452,.773
Justin Turner,LAD,3B,36,151,556,79,153,34,3,27,90,4,1,48,107,0,8,10,.275,.339,.493,.832
Joey Votto,CIN,1B,37,158,556,101,181,34,2,29,97,8,1,108,120,0,8,5,.326,.434,.550,.984
Khris Davis,OAK,DH,33,150,555,85,137,24,2,42,102,1,2,42,166,0,5,8,.247,.307,.524,.831
Brandon Crawford,SF,SS,34,155,553,67,152,28,11,12,84,7,0,57,115,0,9,4,.275,.342,.430,.772
Victor Martinez,DET,DH,42,154,553,65,160,22,0,27,86,0,0,50,90,0,3,4,.289,.351,.476,.827
Adam Duvall,CIN,OF,32,150,552,85,133,31,6,33,103,6,5,41,164,0,8,6,.241,.297,.498,.795
DJ LeMahieu,COL,2B,33,146,552,104,192,32,8,11,66,11,7,66,80,8,6,3,.348,.416,.495,.911
Jacoby Ellsbury,NYY,OF,37,148,551,71,145,24,5,9,56,20,8,54,84,4,3,2,.263,.330,.374,.704
Brandon Phillips,CIN,2B,40,141,550,74,160,34,1,11,64,14,8,18,68,2,6,8,.291,.320,.416,.736
Chris Carter,MIL,1B,34,160,549,84,122,27,1,41,94,3,1,76,206,0,10,9,.222,.321,.499,.820
Mike Trout,LAA,OF,29,159,549,123,173,32,5,29,100,30,7,116,137,0,5,11,.315,.441,.550,.991
Hanley Ramirez,BOS,DH,37,147,549,81,157,28,1,30,111,9,3,60,120,0,4,7,.286,.361,.505,.866
Brad Miller,TB,3B,31,152,548,73,133,29,6,30,81,6,4,47,149,0,3,3,.243,.304,.482,.786
Kevin Pillar,TOR,OF,32,146,548,59,146,35,2,7,53,14,6,24,90,3,3,6,.266,.303,.376,.679
Brett Gardner,NYY,OF,37,148,547,80,143,22,6,7,41,16,4,70,106,4,5,8,.261,.351,.362,.713
Cesar Hernandez,PHI,2B,31,155,547,67,161,14,11,6,39,17,13,66,116,5,2,2,.294,.371,.393,.764
Curtis Granderson,NYM,OF,40,150,545,88,129,24,5,30,59,4,2,74,130,0,5,9,.237,.335,.464,.799
Brandon Belt,SF,1B,33,156,542,77,149,41,8,17,82,0,4,104,148,0,4,5,.275,.394,.474,.868
Buster Posey,SF,C,34,146,539,82,155,33,2,14,80,6,1,64,68,0,8,3,.288,.362,.434,.796
David Ortiz,BOS,DH,45,151,537,79,169,48,1,38,127,2,0,80,86,0,7,2,.315,.401,.620,1.021
Yadier Molina,STL,C,39,147,534,56,164,38,1,8,58,3,2,39,63,0,2,6,.307,.360,.427,.787
Adonis Garcia,ATL,3B,35,134,532,65,145,29,0,14,65,3,2,24,93,0,0,6,.273,.311,.406,.717
Daniel Murphy,WAS,1B,36,142,531,88,184,47,5,25,104,5,3,35,57,0,8,8,.347,.390,.595,.985
Jason Heyward,CHC,OF,31,142,530,61,122,27,1,7,49,11,4,54,93,1,2,5,.230,.306,.325,.631
Yasmany Tomas,ARI,DH,30,140,530,72,144,30,1,31,83,2,4,31,136,0,1,1,.272,.313,.508,.821
Gregory Polanco,PIT,OF,29,144,527,79,136,34,4,22,86,17,6,53,119,1,6,0,.258,.323,.463,.786
Jayson Werth,WAS,OF,42,143,525,84,128,28,0,21,69,5,1,71,139,0,6,4,.244,.335,.417,.752
Addison Russell,CHC,2B,27,151,525,67,125,25,3,21,95,5,1,55,135,0,6,12,.238,.321,.417,.738
Jake Lamb,ARI,3B,30,151,523,81,130,31,9,29,91,6,1,64,154,0,4,3,.249,.332,.509,.841
Ben Zobrist,CHC,2B,40,147,523,94,142,31,3,18,76,6,4,96,82,4,4,4,.272,.386,.446,.832
Ender Inciarte,ATL,OF,30,131,522,85,152,24,7,3,29,16,7,45,68,5,2,4,.291,.351,.381,.732
Asdrubal Cabrera,NYM,3B,35,141,521,65,146,30,1,23,62,5,1,38,103,0,2,7,.280,.336,.474,.810
Jordy Mercer,PIT,SS,34,149,519,66,133,22,3,11,59,1,1,51,83,7,2,5,.256,.328,.374,.702
Leonys Martin,SEA,OF,33,143,518,72,128,17,3,15,47,24,6,44,149,4,7,3,.247,.306,.378,.684
Yunel Escobar,LAA,3B,38,132,517,68,157,28,1,5,39,0,3,40,67,3,4,3,.304,.355,.391,.746
Nomar Mazara,TEX,OF,26,145,516,59,137,13,3,20,64,0,2,39,112,0,7,6,.266,.320,.419,.739
Danny Espinosa,WAS,2B,34,157,516,66,108,15,0,24,72,9,2,54,174,7,4,20,.209,.306,.378,.684
Salvador Perez,KC,C,31,139,514,57,127,28,2,22,64,0,0,22,119,0,2,8,.247,.288,.438,.726
Chase Utley,LAD,2B,42,138,512,79,129,26,3,14,52,2,2,40,115,1,1,11,.252,.319,.396,.715
Ryan Braun,MIL,OF,37,135,511,80,156,23,3,30,91,16,5,46,98,0,3,4,.305,.365,.538,.903
Logan Forsythe,TB,3B,34,127,511,76,135,24,4,20,52,6,6,46,127,0,2,8,.264,.333,.444,.777
Corey Dickerson,TB,OF,32,148,510,57,125,36,3,24,70,0,2,33,134,0,2,2,.245,.293,.469,.762
J.T. Realmuto,MIA,C,30,137,509,60,154,31,0,11,48,12,4,28,100,0,3,5,.303,.343,.428,.771
Adeiny Hechavarria,MIA,2B,32,155,508,52,120,17,6,3,38,1,0,33,73,2,3,1,.236,.283,.311,.594
Bryce Harper,WAS,OF,28,147,506,84,123,24,2,24,86,21,10,108,117,0,10,3,.243,.373,.441,.814
Elvis Andrus,TEX,SS,32,147,506,75,153,31,7,8,69,24,8,47,70,4,7,4,.302,.362,.439,.801
Scooter Gennett,MIL,2B,31,136,498,58,131,30,1,14,56,8,1,38,114,1,2,2,.263,.317,.412,.729
Angel Pagan,SF,OF,40,129,495,71,137,24,5,12,55,15,4,42,66,0,3,0,.277,.331,.418,.749
Joe Mauer,MIN,1B,38,134,494,68,129,22,4,11,49,2,0,79,93,0,2,1,.261,.363,.389,.752
Troy Tulowitzki,TOR,SS,36,131,492,54,125,21,0,24,79,1,0,43,101,0,4,5,.254,.318,.443,.761
Stephen Vogt,OAK,C,36,137,490,54,123,30,2,14,56,0,0,35,83,0,3,4,.251,.305,.406,.711
Michael Saunders,TOR,OF,34,140,490,70,124,32,3,24,57,1,2,59,157,1,3,5,.253,.338,.478,.816
Starling Marte,PIT,OF,32,129,489,71,152,34,5,9,46,47,12,23,104,1,0,16,.311,.362,.456,.818
Josh Harrison,PIT,2B,34,131,487,57,138,25,7,4,59,19,4,18,76,4,8,5,.283,.311,.388,.699
Howie Kendrick,LAD,DH,38,146,487,65,124,26,2,8,40,10,2,50,96,0,3,3,.255,.326,.366,.692
Marwin Gonzalez,HOU,2B,32,141,484,55,123,26,3,13,51,12,6,22,118,6,1,5,.254,.293,.401,.694
Yonder Alonso,OAK,1B,34,156,482,52,122,34,0,7,56,3,1,45,74,0,4,1,.253,.316,.367,.683
Wilson Ramos,WAS,C,33,131,482,58,148,25,0,22,80,0,0,35,79,0,4,2,.307,.354,.496,.850
Travis Shaw,BOS,3B,31,145,480,63,116,34,2,16,71,5,1,43,133,0,4,3,.242,.306,.421,.727
Yoenis Cespedes,NYM,OF,35,132,479,72,134,25,1,31,86,3,1,51,108,0,6,7,.280,.354,.530,.884
Cheslor Cuthbert,KC,1B,28,128,475,49,130,28,1,12,46,2,0,32,96,1,2,0,.274,.318,.413,.731
Matt Carpenter,STL,3B,35,129,473,81,128,36,6,21,68,0,4,81,108,3,4,5,.271,.380,.505,.885
Danny Valencia,OAK,3B,36,130,471,72,135,22,1,17,51,1,1,41,115,0,2,3,.287,.346,.446,.792
Jose Iglesias,DET,SS,31,137,467,57,119,26,0,4,32,7,4,28,50,7,3,8,.255,.306,.336,.642
Chase Headley,NYY,3B,37,140,467,58,118,18,1,14,51,8,2,51,118,0,5,6,.253,.331,.385,.716
Zack Cozart,CIN,3B,35,121,464,67,117,28,2,16,50,4,1,37,84,1,4,2,.252,.308,.425,.733
Joe Panik,SF,2B,30,127,464,67,111,21,7,10,62,5,0,50,47,3,5,4,.239,.315,.379,.694
Brandon Drury,ARI,3B,28,134,461,59,130,31,1,16,53,1,1,31,100,0,4,3,.282,.329,.458,.787
J.D. Martinez,DET,DH,33,120,460,69,141,35,2,22,68,1,2,49,128,0,5,3,.307,.373,.535,.908
Mitch Moreland,TEX,1B,35,147,460,49,107,21,0,22,60,1,0,35,118,0,0,8,.233,.298,.422,.720
Paulo Orlando,KC,OF,35,128,457,52,138,24,4,5,43,14,3,13,105,3,3,7,.302,.329,.405,.734
Dexter Fowler,CHC,OF,35,125,456,84,126,25,7,13,48,13,4,79,124,1,4,11,.276,.393,.447,.840
Russell Martin,TOR,C,38,137,455,62,105,16,0,20,74,2,1,64,148,1,5,10,.231,.335,.398,.733
Rajai Davis,CLE,OF,40,134,454,74,113,23,2,12,48,43,6,33,106,1,2,5,.249,.306,.388,.694
Andrelton Simmons,LAA,SS,31,124,448,48,126,22,2,4,44,10,1,28,38,1,4,2,.281,.324,.366,.690
Evan Gattis,HOU,DH,34,128,447,58,112,19,0,32,72,2,1,43,127,0,5,4,.251,.319,.508,.827
Randal Grichuk,STL,OF,29,132,446,66,107,29,3,24,68,5,4,28,141,0,1,3,.240,.289,.480,.769
Alex Gordon,KC,OF,37,128,445,62,98,16,2,17,40,8,1,52,148,0,1,8,.220,.312,.380,.692
Chris Owings,ARI,2B,29,119,437,52,121,24,11,5,49,21,2,20,87,2,2,5,.277,.315,.416,.731
Miguel Sano,MIN,1B,28,116,437,57,103,22,1,25,66,1,0,54,178,0,3,1,.236,.319,.462,.781
David Freese,PIT,3B,38,141,437,63,118,23,0,13,55,0,0,45,142,0,0,10,.270,.352,.412,.764
Ketel Marte,SEA,2B,27,119,437,55,113,21,2,1,33,11,5,18,84,3,6,2,.259,.287,.323,.610
Steven Souza,TB,OF,32,120,430,58,106,17,1,17,49,7,6,31,159,0,2,5,.247,.303,.409,.712
Brian McCann,NYY,C,37,130,429,56,104,13,0,20,58,1,0,54,99,0,2,7,.242,.335,.413,.748
Ryan Zimmerman,WAS,1B,36,115,427,60,93,18,1,15,46,4,1,29,104,0,6,5,.218,.272,.370,.642
Jose Bautista,TOR,3B,40,116,423,68,99,24,1,22,69,2,2,87,103,0,4,3,.234,.366,.452,.818
Matt Wieters,BAL,C,35,124,423,48,103,17,1,17,66,1,0,32,85,1,3,5,.243,.302,.409,.711
Alexei Ramirez,SD,SS,39,128,421,33,101,19,2,5,41,6,9,17,56,0,2,4,.240,.275,.330,.605
Javier Baez,CHC,SS,28,142,421,50,115,19,1,14,59,12,3,15,108,1,2,11,.273,.314,.423,.737
Norichika Aoki,SEA,OF,39,118,417,63,118,24,4,4,28,7,9,34,45,5,1,9,.283,.349,.388,.737
Welington Castillo,ARI,C,34,113,416,41,110,24,0,14,68,2,0,33,121,0,4,4,.264,.322,.423,.745
Derek Norris,SD,C,32,125,415,50,77,17,0,14,42,9,2,36,139,0,3,4,.186,.255,.328,.583
Avisail Garcia,CWS,OF,30,120,413,59,101,18,2,12,51,4,4,34,115,0,2,4,.245,.307,.385,.692
Giancarlo Stanton,MIA,DH,31,119,413,56,99,20,1,27,74,0,0,50,140,0,2,4,.240,.326,.489,.815
Brandon Moss,STL,DH,37,128,413,66,93,19,2,28,67,1,0,39,141,0,5,7,.225,.300,.484,.784
Neil Walker,NYM,2B,35,113,412,57,116,9,1,23,55,3,1,42,84,0,3,1,.282,.347,.476,.823
Billy Hamilton,CIN,OF,30,119,411,69,107,19,3,3,17,58,8,36,93,11,1,1,.260,.321,.343,.664
Nick Castellanos,DET,OF,29,110,411,54,117,25,4,18,58,1,1,28,111,0,5,3,.285,.331,.496,.827
Tim Anderson,CWS,SS,28,99,410,57,116,22,6,9,30,10,2,13,117,6,1,1,.283,.306,.432,.738
Devon Travis,TOR,2B,30,101,410,54,123,28,1,11,50,4,1,20,87,1,1,0,.300,.332,.454,.786
Matt Kemp,SD,DH,36,100,409,54,107,24,0,23,69,0,0,16,100,0,6,0,.262,.285,.489,.774
C.J. Cron,LAA,1B,31,116,407,51,113,25,2,16,69,2,3,24,75,0,5,7,.278,.325,.467,.792
Joc Pederson,LAD,OF,29,137,406,64,100,26,0,25,68,6,2,63,130,1,2,4,.246,.352,.495,.847
Yangervis Solarte,SD,2B,34,109,405,55,116,26,1,15,71,1,1,30,63,0,3,5,.286,.341,.467,.808
J.J. Hardy,BAL,SS,38,115,405,43,109,29,0,9,48,0,0,26,68,1,6,0,.269,.309,.407,.716
Hernan Perez,MIL,2B,30,123,404,50,110,18,3,13,56,34,7,18,94,3,4,1,.272,.302,.428,.730
Aledmys Diaz,STL,2B,30,111,404,71,121,28,3,17,65,4,4,41,60,2,6,7,.300,.369,.510,.879
Adam Lind,SEA,1B,38,126,401,48,96,17,0,20,58,0,1,26,89,0,2,1,.239,.286,.431,.717
Jedd Gyorko,STL,3B,32,128,400,58,97,9,1,30,59,0,0,37,96,0,1,0,.243,.306,.495,.801
Lorenzo Cain,KC,OF,35,103,397,56,114,19,1,9,56,14,5,31,84,0,4,2,.287,.339,.408,.747
Max Kepler,MIN,OF,28,113,396,52,93,20,2,17,63,6,2,42,93,1,5,3,.235,.309,.424,.733
Hunter Pence,SF,OF,38,106,395,58,114,23,1,13,57,1,1,43,95,0,3,1,.289,.357,.451,.808
Mark Reynolds,COL,1B,37,118,393,61,111,24,0,14,53,1,2,42,112,0,2,4,.282,.356,.450,.806
Coco Crisp,OAK,OF,41,102,393,45,92,24,4,11,47,7,5,37,65,2,2,0,.234,.299,.399,.698
Yasmani Grandal,LAD,C,32,126,390,49,89,14,1,27,72,1,3,64,116,0,1,2,.228,.339,.477,.816
Cameron Rupp,PHI,C,32,105,389,36,98,26,1,16,54,1,0,24,114,0,1,5,.252,.303,.447,.750
Mark Teixeira,NYY,1B,41,116,387,43,79,16,0,15,44,2,0,47,105,0,2,2,.204,.292,.362,.654
Lonnie Chisenhall,CLE,OF,32,126,385,43,110,25,5,8,57,6,0,23,70,3,4,3,.286,.328,.439,.767
Matt Holliday,STL,OF,41,110,382,48,94,20,1,20,62,0,0,35,71,0,1,8,.246,.322,.461,.783
John Jaso,PIT,1B,37,132,380,45,102,25,3,8,42,0,4,45,74,1,1,5,.268,.353,.413,.766
Seth Smith,SEA,OF,38,137,378,62,94,15,0,16,63,0,0,48,89,0,4,8,.249,.342,.415,.757
Tucker Barnhart,CIN,C,30,115,377,34,97,23,1,7,51,1,0,36,72,2,3,2,.257,.323,.379,.702
Trevor Story,COL,SS,28,97,372,67,101,21,4,27,72,8,5,35,130,2,1,5,.272,.341,.567,.908
Eduardo Nunez,MIN,2B,34,91,371,49,110,15,1,12,47,27,6,15,58,2,5,3,.296,.325,.439,.764
Jay Bruce,CIN,OF,34,97,370,60,98,22,6,25,80,4,2,27,83,0,3,2,.265,.316,.559,.875
Colby Rasmus,HOU,OF,34,107,369,38,76,10,0,15,54,4,1,43,121,1,4,0,.206,.286,.355,.641
Gerardo Parra,COL,OF,34,102,368,45,93,27,3,7,39,6,4,9,73,1,2,1,.253,.271,.399,.670
Kevin Kiermaier,TB,OF,31,105,366,55,90,20,2,12,37,21,3,40,74,0,1,7,.246,.331,.410,.741
Carlos Beltran,NYY,OF,44,99,359,50,109,21,0,22,64,0,0,22,70,0,4,2,.304,.344,.546,.890
Peter Bourjos,PHI,OF,34,123,355,40,89,20,7,5,23,6,4,17,91,6,1,4,.251,.292,.389,.681
Logan Morrison,TB,1B,33,107,353,45,84,18,1,14,43,4,2,37,89,0,2,6,.238,.319,.414,.733
Eduardo Escobar,MIN,3B,32,105,352,32,83,14,2,6,37,1,3,21,72,2,1,1,.236,.280,.338,.618
Brett Lawrie,CWS,2B,31,94,351,35,87,22,0,12,36,7,3,30,109,0,1,2,.248,.310,.413,.723
Derek Dietrich,MIA,2B,32,128,351,39,98,20,5,7,42,1,0,32,84,0,5,24,.279,.374,.425,.799
Jace Peterson,ATL,OF,31,115,350,45,89,16,1,7,29,5,5,52,69,2,3,1,.254,.350,.366,.716
Ben Revere,WAS,OF,33,103,350,44,76,9,7,2,24,14,5,18,34,2,2,3,.217,.260,.300,.560
Cameron Maybin,DET,OF,34,94,349,65,110,14,5,4,43,15,6,36,69,2,1,3,.315,.383,.418,.801
Jon Jay,SD,OF,36,90,347,49,101,26,1,2,26,2,0,19,78,1,0,6,.291,.339,.389,.728
Johnny Giavotella,LAA,2B,34,99,346,44,90,20,1,6,31,4,3,13,39,4,3,1,.260,.287,.376,.663
Kurt Suzuki,MIN,C,37,106,345,34,89,24,1,8,49,0,0,18,48,1,4,5,.258,.301,.403,.704
B.J. Upton,SD,OF,36,92,344,46,88,11,2,16,45,20,5,23,106,1,3,2,.256,.304,.439,.743
James McCann,DET,C,31,105,344,31,76,9,1,12,48,0,1,23,109,1,3,2,.221,.272,.358,.630
James Loney,NYM,1B,37,100,343,30,91,16,1,9,34,0,0,16,37,1,1,5,.265,.307,.397,.704
Jonathan Lucroy,MIL,C,35,95,338,48,101,17,3,13,50,5,0,33,70,0,4,1,.299,.359,.482,.841
Jed Lowrie,OAK,2B,37,87,338,30,89,12,1,2,27,0,0,26,65,0,4,1,.263,.314,.322,.636
Pedro Alvarez,BAL,DH,34,109,337,43,84,20,0,22,49,1,0,37,97,0,2,0,.249,.322,.504,.826
Travis Jankowski,SD,OF,30,131,335,53,82,13,2,2,12,30,12,42,100,3,0,2,.245,.332,.313,.645
Eddie Rosario,MIN,OF,29,92,335,52,90,17,2,10,32,5,2,12,91,2,3,2,.269,.295,.421,.716
Kirk Nieuwenhuis,MIL,OF,33,125,335,38,70,18,1,13,44,8,9,56,133,0,0,1,.209,.324,.385,.709
Erick Aybar,ATL,SS,37,97,335,27,81,14,2,2,26,3,5,20,59,3,4,6,.242,.293,.313,.606
Yasiel Puig,LAD,OF,30,104,334,45,88,14,2,11,45,5,2,24,74,0,3,7,.263,.323,.416,.739
Robbie Grossman,MIN,OF,31,99,332,49,93,19,1,11,37,2,3,55,96,0,0,2,.280,.386,.443,.829
Ryan Howard,PHI,1B,41,112,331,35,65,10,0,25,59,0,1,27,114,0,3,1,.196,.257,.453,.710
Michael Bourn,ARI,OF,38,89,329,43,86,12,6,3,30,13,5,22,83,6,1,0,.261,.307,.362,.669
Jason Castro,HOU,C,34,113,329,41,69,16,3,11,32,2,1,45,123,1,0,1,.210,.307,.377,.684
Aaron Hicks,NYY,OF,31,123,327,32,71,13,1,8,31,3,4,30,68,1,3,0,.217,.281,.336,.617
Ichiro Suzuki,MIA,OF,47,143,327,48,95,15,5,1,22,10,2,30,42,3,2,3,.291,.354,.376,.730
Prince Fielder,TEX,DH,37,89,326,29,69,16,0,8,44,0,0,32,63,0,5,7,.212,.292,.334,.626
Francisco Cervelli,PIT,C,35,101,326,42,86,14,1,1,33,6,2,56,72,0,5,6,.264,.377,.322,.699
Dee Strange-Gordon,MIA,2B,33,79,325,47,87,7,6,1,14,30,7,18,55,1,1,0,.268,.305,.335,.640
Tyler Naquin,CLE,OF,30,116,321,52,95,18,5,14,43,6,3,36,112,2,2,4,.296,.372,.514,.886
Trevor Plouffe,MIN,3B,35,84,319,35,83,13,1,12,47,1,0,19,60,1,3,2,.260,.303,.420,.723
Jung Ho Kang,PIT,3B,34,103,318,45,81,19,0,21,62,3,1,36,79,0,2,14,.255,.354,.513,.867
Tommy Joseph,PHI,1B,30,107,315,47,81,15,0,21,47,1,1,22,75,0,6,4,.257,.308,.505,.813
Kolten Wong,STL,2B,30,121,313,39,75,7,7,5,23,7,0,34,52,0,5,9,.240,.327,.355,.682
Whit Merrifield,KC,2B,32,81,311,44,88,22,3,2,29,8,3,19,72,1,1,0,.283,.323,.392,.715
Trea Turner,WAS,SS,28,73,307,53,105,14,8,13,40,33,6,14,59,0,2,1,.342,.370,.567,.937
Wilmer Flores,NYM,2B,29,103,307,38,82,14,0,16,49,1,1,23,48,0,3,2,.267,.319,.469,.788
Hyun Soo Kim,BAL,OF,33,95,305,36,92,16,1,6,22,1,3,36,51,0,1,4,.302,.382,.420,.802
Michael Conforto,NYM,OF,28,109,304,38,67,21,1,12,42,2,1,36,89,0,3,5,.220,.310,.414,.724
Sean Rodriguez,PIT,3B,36,140,300,49,81,16,1,18,56,2,1,33,102,1,3,5,.270,.349,.510,.859
Justin Smoak,TOR,1B,34,126,299,33,65,10,0,14,34,1,0,40,112,0,0,2,.217,.314,.391,.705
Jarrod Dyson,KC,OF,36,107,299,46,83,14,8,1,25,30,7,26,39,8,1,3,.278,.340,.388,.728
Byron Buxton,MIN,OF,27,92,298,44,67,19,6,10,38,10,2,23,118,4,3,3,.225,.284,.430,.714
Tyler Saladino,CWS,SS,32,93,298,33,84,14,0,8,38,11,5,13,62,2,3,3,.282,.315,.409,.724
Matt Adams,STL,DH,32,118,297,37,74,18,0,16,54,0,1,25,81,0,3,2,.249,.309,.471,.780
Chris Iannetta,SEA,C,38,94,295,23,62,14,0,7,24,0,0,38,83,1,2,2,.210,.303,.329,.632
Carlos Gomez,HOU,OF,35,85,295,27,62,16,1,5,29,13,2,21,100,3,0,4,.210,.272,.322,.594
Luis Valbuena,HOU,3B,35,90,292,38,76,17,1,13,40,1,1,44,81,3,2,1,.260,.357,.459,.816
Dae-Ho Lee,SEA,1B,38,104,292,33,74,9,0,14,49,0,0,20,74,0,0,5,.253,.312,.428,.740
Brock Holt,BOS,3B,33,94,290,45,74,16,0,7,34,4,3,27,58,1,3,3,.255,.322,.383,.705
Jake Smolinski,OAK,OF,32,99,290,28,69,6,2,7,27,1,2,19,44,1,2,7,.238,.299,.345,.644
Nick Hundley,COL,C,37,83,289,30,75,20,1,10,48,0,0,25,65,1,1,1,.260,.320,.439,.759
Jhonny Peralta,STL,3B,39,82,289,37,75,17,1,8,29,0,0,20,56,0,3,1,.260,.307,.408,.715
Jake Marisnick,HOU,OF,30,118,287,40,60,18,1,5,21,10,5,16,83,4,1,3,.209,.257,.331,.588
Nick Ahmed,ARI,SS,31,90,284,26,62,9,1,4,20,5,2,15,58,2,3,4,.218,.265,.299,.564
Tyler Flowers,ATL,C,35,83,281,27,76,18,0,8,41,0,0,29,91,0,4,11,.270,.357,.420,.777
Justin Bour,MIA,1B,33,90,280,35,74,12,1,15,51,0,0,38,56,0,3,0,.264,.349,.475,.824
Darwin Barney,TOR,2B,35,104,279,35,75,13,2,4,19,2,2,22,48,2,2,1,.269,.322,.373,.695
Ryan Schimpf,SD,3B,33,89,276,48,60,17,5,20,51,1,1,42,105,0,3,9,.217,.336,.533,.869
Billy Burns,OAK,OF,31,73,274,32,64,11,4,0,12,14,3,10,30,3,1,4,.234,.270,.303,.573
Jurickson Profar,TEX,2B,28,90,272,35,65,6,3,5,20,2,1,30,61,2,0,3,.239,.321,.338,.659
Dioner Navarro,CWS,C,37,85,271,25,57,13,2,6,32,1,2,20,63,2,3,2,.210,.267,.339,.606
Ezequiel Carrera,TOR,OF,34,110,270,47,67,9,1,6,23,7,4,27,70,7,2,4,.248,.323,.356,.679
Ryon Healy,OAK,3B,29,72,269,36,82,20,0,13,37,0,0,12,60,1,0,1,.305,.337,.524,.861
Carlos Perez,LAA,C,30,87,268,25,56,16,0,5,31,1,0,12,49,8,2,1,.209,.244,.325,.569
Jefry Marte,LAA,1B,30,88,258,38,65,14,0,15,44,2,2,18,59,0,3,5,.252,.310,.481,.791
Scott Schebler,CIN,OF,30,82,257,36,68,12,2,9,40,2,4,19,59,0,0,6,.265,.330,.432,.762
Matt Duffy,SF,3B,30,70,257,32,65,11,2,4,21,8,4,20,40,2,3,4,.253,.313,.358,.671
Joey Rickard,BAL,OF,30,85,257,32,69,13,0,5,19,4,1,18,54,3,2,2,.268,.319,.377,.696
Jeff Francoeur,ATL,OF,37,99,257,29,64,13,0,7,33,2,0,16,75,0,3,0,.249,.290,.381,.671
Jose Reyes,NYM,SS,38,60,255,45,68,13,4,8,24,9,2,23,49,0,1,0,.267,.326,.443,.769
Aaron Hill,MIL,2B,39,78,254,34,72,11,0,8,29,4,2,30,43,0,4,2,.283,.359,.421,.780
Alex Dickerson,SD,OF,31,84,253,39,65,16,2,10,37,5,1,26,44,0,2,4,.257,.333,.455,.788
Sandy Leon,BOS,C,32,78,252,36,78,17,2,7,35,0,0,23,66,4,2,2,.310,.369,.476,.845
Willson Contreras,CHC,C,29,76,252,33,71,14,1,12,35,2,2,26,67,0,1,4,.282,.357,.488,.845
Travis d'Arnaud,NYM,C,32,75,251,27,62,7,0,4,15,0,0,19,50,2,1,3,.247,.307,.323,.630
Yan Gomes,CLE,C,34,74,251,22,42,11,1,9,34,0,0,9,69,0,2,2,.167,.201,.327,.528
Daniel Descalso,COL,2B,34,99,250,38,66,12,2,8,38,3,0,34,56,0,4,1,.264,.349,.424,.773
Tyler White,HOU,1B,30,86,249,24,54,16,0,8,28,1,0,23,65,0,2,2,.217,.286,.378,.664
Ramon Flores,MIL,OF,29,104,249,18,51,8,0,2,19,3,0,31,58,3,4,2,.205,.294,.261,.555
Franklin Gutierrez,SEA,OF,38,98,248,33,61,9,0,14,39,1,0,29,85,0,3,3,.246,.329,.452,.781
A.J. Pierzynski,ATL,C,44,81,247,15,54,15,0,2,23,1,0,6,29,0,3,3,.219,.243,.304,.547
Domingo Santana,MIL,OF,28,77,246,34,63,14,0,11,32,2,3,32,91,0,1,2,.256,.345,.447,.792
Jarrod Saltalamacchia,DET,C,36,92,246,30,42,5,1,12,38,0,0,41,104,0,5,0,.171,.284,.346,.630
Jorge Polanco,MIN,SS,28,69,245,24,69,15,4,4,27,4,3,17,46,2,3,3,.282,.332,.424,.756
Chris Johnson,MIA,3B,36,113,243,20,54,11,0,5,24,0,0,19,78,1,0,1,.222,.281,.329,.610
Josh Reddick,OAK,OF,34,68,243,33,72,11,1,8,28,5,0,28,34,0,1,0,.296,.368,.449,.817
Gregor Blanco,SF,OF,37,106,241,28,54,10,4,1,18,6,3,29,51,1,1,1,.224,.309,.311,.620
Jose Peraza,CIN,2B,27,72,241,25,78,8,2,3,25,21,10,7,33,0,3,5,.324,.352,.411,.763
Miguel Montero,CHC,C,38,86,241,33,52,8,1,8,33,1,0,38,58,0,2,3,.216,.327,.357,.684
Ryan Rua,TEX,OF,31,99,240,40,62,8,1,8,22,9,0,21,76,0,2,6,.258,.331,.400,.731
Gordon Beckham,ATL,2B,34,85,240,25,52,16,1,5,30,1,0,26,50,0,3,4,.217,.300,.354,.654
Juan Uribe,CLE,3B,42,73,238,19,49,9,0,7,25,0,0,15,49,0,3,3,.206,.259,.332,.591
Trayce Thompson,LAD,OF,30,80,236,31,53,11,0,13,32,5,1,26,66,0,0,0,.225,.302,.436,.738
Alejandro De Aza,NYM,OF,37,130,234,31,48,9,0,6,25,4,3,26,67,1,1,5,.205,.297,.321,.618
Chase d'Arnaud,ATL,2B,34,84,233,24,57,14,2,1,21,9,3,23,50,0,3,3,.245,.317,.335,.652
Danny Santana,MIN,1B,30,75,233,29,56,10,2,2,14,12,9,12,55,1,1,1,.240,.279,.326,.605
Matt Joyce,PIT,OF,36,140,231,45,56,10,1,13,42,1,1,59,67,0,0,3,.242,.403,.463,.866
Jorge Soler,CHC,OF,29,86,227,37,54,9,0,12,31,0,0,31,66,0,3,3,.238,.333,.436,.769
Curt Casali,TB,C,32,84,226,23,42,10,0,8,25,0,0,25,82,3,0,2,.186,.273,.336,.609
Alex Rodriguez,NYY,DH,45,65,225,19,45,7,0,9,31,3,0,14,67,0,3,1,.200,.247,.351,.598
Cristhian Adames,COL,2B,29,121,225,25,49,7,3,2,17,2,3,24,47,3,0,4,.218,.304,.302,.606
J.B. Shuck,CWS,OF,34,81,224,27,46,5,2,4,14,3,3,12,21,3,1,1,.205,.248,.299,.547
Ryan Raburn,COL,OF,40,113,223,30,49,10,2,9,30,0,0,28,80,0,3,2,.220,.309,.404,.713
David Dahl,COL,OF,27,63,222,42,70,12,4,7,24,5,0,15,59,0,0,0,.315,.359,.500,.859
Ivan De Jesus,CIN,SS,34,104,221,21,56,10,0,1,20,3,1,17,51,2,1,2,.253,.311,.312,.623
Michael Taylor,WAS,OF,30,76,221,28,51,11,0,7,16,14,3,14,77,0,1,1,.231,.278,.376,.654
Billy Butler,OAK,1B,35,85,221,24,61,16,0,4,31,0,0,19,34,0,2,0,.276,.331,.403,.734
Phil Gosselin,ARI,OF,32,122,220,26,61,12,1,2,13,3,0,15,46,2,2,1,.277,.324,.368,.692
Brett Wallace,SD,3B,34,119,217,19,41,10,0,6,20,0,0,29,83,0,1,9,.189,.309,.318,.627
Enrique Hernandez,LAD,2B,29,109,216,25,41,8,0,7,18,2,0,28,64,0,0,0,.190,.283,.324,.607
Byungho Park,MIN,1B,35,62,215,28,41,9,1,12,24,1,0,21,80,0,3,5,.191,.275,.409,.684
Adam Rosales,SD,2B,38,105,214,37,49,12,3,13,35,4,0,29,88,0,4,1,.229,.319,.495,.814
Greg Garcia,STL,2B,31,99,214,33,59,11,0,3,17,1,1,38,50,0,1,4,.276,.393,.369,.762
Matt Kemp,ATL,DH,36,56,214,35,60,15,0,12,39,1,0,20,56,0,6,1,.280,.336,.519,.855
Tyler Goeddel,PHI,OF,28,92,213,17,41,3,3,4,16,3,0,17,52,1,1,2,.192,.258,.291,.549
Brandon Guyer,TB,OF,35,63,212,27,51,12,1,7,18,2,1,12,42,1,1,23,.241,.347,.406,.753
Shawn O'Malley,SEA,SS,33,89,210,24,48,9,2,2,17,6,2,18,59,1,0,3,.229,.299,.319,.618
Jett Bandy,LAA,C,31,70,209,23,49,9,0,8,25,1,0,11,38,3,4,4,.234,.281,.392,.673
Martin Maldonado,MIL,C,34,76,208,21,42,7,0,8,21,1,0,35,56,3,1,6,.202,.332,.351,.683
Keon Broxton,MIL,OF,31,75,207,28,50,10,1,9,19,23,4,36,88,1,0,0,.242,.354,.430,.784
Tony Wolters,COL,C,29,71,205,27,53,15,2,3,30,4,1,21,53,4,0,0,.259,.327,.395,.722
Gregorio Petit,LAA,2B,36,89,204,21,50,13,1,2,17,1,1,15,51,2,1,1,.245,.299,.348,.647
Steve Pearce,TB,1B,38,60,204,26,63,11,1,10,29,0,3,26,40,0,1,1,.309,.388,.520,.908
Chris Young,BOS,OF,37,76,203,29,56,18,0,9,24,4,2,21,50,0,0,3,.276,.352,.498,.850
Nolan Reimold,BAL,OF,37,104,203,25,45,9,1,6,15,1,2,22,62,0,1,1,.222,.300,.365,.665
Justin Morneau,CWS,DH,40,58,203,16,53,14,1,6,25,0,0,12,52,0,2,1,.261,.303,.429,.732
Alex Bregman,HOU,3B,27,49,201,31,53,13,3,8,34,2,0,15,52,0,1,0,.264,.313,.478,.791
Orlando Arcia,MIL,SS,26,55,201,21,44,10,3,4,17,8,0,15,47,0,0,0,.219,.273,.358,.631
Gary Sanchez,NYY,C,28,53,201,34,60,12,0,20,42,1,0,24,57,0,2,2,.299,.376,.657,1.033
Jeremy Hazelbaker,STL,OF,33,114,200,35,47,7,3,12,28,5,2,18,64,4,2,0,.235,.295,.480,.775
Desmond Jennings,TB,OF,34,65,200,22,40,7,1,7,20,2,0,21,58,1,1,2,.200,.281,.350,.631
Aaron Altherr,PHI,OF,30,57,198,23,39,6,0,4,22,7,2,23,69,0,0,6,.197,.300,.288,.588
Tim Beckham,TB,SS,31,64,198,25,49,12,5,5,16,2,1,14,67,2,0,1,.247,.300,.434,.734
Cody Asche,PHI,3B,31,71,197,22,42,15,0,4,18,3,1,18,54,0,1,2,.213,.284,.350,.634
Clint Robinson,WAS,1B,36,104,196,16,46,4,0,5,26,0,0,20,38,1,5,2,.235,.305,.332,.637
Miguel Rojas,MIA,SS,32,123,194,27,48,12,0,1,14,2,1,11,27,6,2,1,.247,.288,.325,.613
Carlos Beltran,TEX,OF,44,52,193,23,54,12,0,7,29,1,0,13,31,0,0,0,.280,.325,.451,.776
Christian Bethancourt,SD,C,29,73,193,20,44,9,0,6,25,1,2,10,56,0,1,0,.228,.265,.368,.633
Conor Gillaspie,SF,3B,34,101,191,24,50,8,4,6,25,1,2,12,28,0,1,1,.262,.307,.440,.747
Andres Blanco,PHI,3B,37,90,190,26,48,15,1,4,21,2,3,11,41,0,1,7,.253,.316,.405,.721
Mallex Smith,ATL,OF,28,72,189,28,45,7,4,3,22,16,8,20,48,3,1,2,.238,.316,.365,.681
Mikie Mahtook,TB,OF,31,65,185,16,36,9,0,3,11,0,1,7,68,1,1,2,.195,.231,.292,.523
Rafael Ortega,LAA,OF,30,66,185,24,43,8,0,1,16,8,3,13,23,3,0,0,.232,.283,.292,.575
Matt Szczur,CHC,OF,32,107,185,30,48,9,1,5,24,2,4,13,39,1,0,1,.259,.312,.400,.712
Rene Rivera,NYM,C,37,65,185,12,41,4,0,6,26,0,0,16,54,1,2,3,.222,.291,.341,.632
Kelly Johnson,NYM,2B,39,82,183,17,49,8,0,9,24,3,0,15,40,0,1,2,.268,.328,.459,.787
Ryan Goins,TOR,3B,33,77,183,13,34,9,2,3,12,1,1,9,48,3,0,1,.186,.228,.306,.534
Delino DeShields,TEX,OF,28,74,182,36,38,7,0,4,13,8,3,15,54,3,1,2,.209,.275,.313,.588
Abraham Almonte,CLE,OF,32,67,182,24,48,20,1,1,22,8,0,8,42,0,3,1,.264,.294,.401,.695
Eduardo Nunez,SF,2B,34,50,182,24,49,9,3,4,20,13,4,14,30,0,1,2,.269,.327,.418,.745
Austin Jackson,CWS,OF,34,54,181,24,46,12,2,0,18,2,1,17,39,2,2,1,.254,.318,.343,.661
Rickie Weeks,ARI,DH,38,108,180,29,43,9,1,9,27,5,0,20,54,0,1,4,.239,.327,.450,.777
Tyler Holt,CIN,OF,32,106,179,21,42,5,3,0,13,4,3,23,48,3,1,2,.235,.327,.296,.623
Shin-Soo Choo,TEX,OF,38,48,178,27,43,7,0,7,17,6,3,25,46,0,0,7,.242,.357,.399,.756
Juan Centeno,MIN,C,31,55,176,16,46,12,1,3,25,0,0,12,38,3,0,1,.261,.312,.392,.704
Andrew Romine,DET,SS,35,109,174,21,41,5,2,2,16,8,0,13,38,3,0,4,.236,.304,.322,.626
Nick Franklin,TB,2B,30,60,174,18,47,10,1,6,26,6,1,12,42,2,0,3,.270,.328,.443,.771
Trevor Brown,SF,C,29,75,173,17,41,7,0,5,19,0,1,10,39,0,0,1,.237,.283,.364,.647
Cliff Pennington,LAA,2B,37,74,172,18,36,4,2,3,10,1,0,13,55,3,0,0,.209,.265,.308,.573
Christian Vazquez,BOS,C,30,57,172,21,39,9,1,1,12,0,0,10,39,0,0,2,.227,.277,.308,.585
Ramon Cabrera,CIN,C,31,61,171,11,42,10,0,3,23,1,1,8,30,2,3,1,.246,.279,.357,.636
David Peralta,ARI,OF,33,48,171,23,43,9,5,4,15,2,0,8,42,0,1,3,.251,.295,.433,.728
Jay Bruce,NYM,OF,34,50,169,14,37,5,0,8,19,0,0,17,43,0,0,1,.219,.294,.391,.685
Alex Avila,CWS,C,34,57,169,19,36,6,0,7,11,0,0,38,78,0,1,1,.213,.359,.373,.732
Mike Aviles,DET,SS,40,68,167,17,35,5,1,1,6,2,2,9,27,3,0,2,.210,.258,.269,.527
David Ross,CHC,C,44,67,166,24,38,6,0,10,32,0,1,30,54,4,5,0,.229,.338,.446,.784
Austin Romine,NYY,C,32,62,165,17,40,11,0,4,26,1,0,7,31,1,3,0,.242,.269,.382,.651
Carlos Ruiz,PHI,C,42,48,165,18,43,6,0,3,12,3,1,24,28,0,0,4,.261,.368,.352,.720
Mike Zunino,SEA,C,30,55,164,16,34,7,0,12,31,0,0,21,65,0,1,6,.207,.318,.470,.788
Tommy Pham,STL,OF,33,78,159,26,36,7,0,9,17,2,2,20,71,1,0,3,.226,.324,.440,.764
Chris Coghlan,OAK,3B,36,51,158,14,23,5,0,5,14,1,1,13,47,0,0,1,.146,.215,.272,.487
Ryan Flaherty,BAL,3B,34,74,157,16,34,7,0,3,15,2,0,17,48,1,1,0,.217,.291,.318,.609
Ronald Torreyes,NYY,SS,28,72,155,20,40,7,4,1,12,2,1,10,20,1,1,1,.258,.305,.374,.679
Josh Reddick,LAD,OF,34,47,155,20,40,6,0,2,9,3,3,11,22,0,0,0,.258,.307,.335,.642
Yolmer Sanchez,CWS,2B,29,53,154,15,32,9,1,4,21,0,1,5,42,2,1,1,.208,.236,.357,.593
Roberto Perez,CLE,C,32,61,153,14,28,6,1,3,17,0,0,23,44,5,3,0,.183,.285,.294,.579
Lucas Duda,NYM,1B,35,47,153,20,35,7,0,7,23,0,0,15,36,0,2,2,.229,.302,.412,.714
Jonathan Lucroy,TEX,C,35,47,152,19,42,7,0,11,31,0,0,14,30,0,0,2,.276,.345,.539,.884
Rob Refsnyder,NYY,OF,30,58,152,25,38,9,0,0,12,2,1,18,30,0,3,1,.250,.328,.309,.637
Kennys Vargas,MIN,1B,30,47,152,27,35,11,0,10,20,0,0,24,57,0,1,0,.230,.333,.500,.833
Jimmy Rollins,CWS,SS,42,41,149,25,33,8,1,2,8,5,2,16,33,0,1,0,.221,.295,.329,.624
Tommy La Stella,CHC,2B,32,74,148,17,40,12,1,2,11,0,1,18,27,0,0,2,.270,.357,.405,.762
Chris Herrmann,ARI,C,33,56,148,21,42,5,4,6,28,4,0,16,44,1,1,0,.284,.352,.493,.845
B.J. Upton,TOR,OF,36,57,148,18,29,4,1,4,16,7,3,14,49,0,3,0,.196,.261,.318,.579
Christian Colon,KC,2B,32,54,147,13,34,6,0,1,13,0,1,11,31,1,0,2,.231,.294,.293,.587
Robinson Chirinos,TEX,C,37,57,147,21,33,11,0,9,20,0,1,15,44,1,2,5,.224,.314,.483,.797
Adam Frazier,PIT,2B,29,66,146,21,44,8,1,2,11,4,1,12,26,0,1,1,.301,.356,.411,.767
Jimmy Paredes,PHI,OF,32,76,143,13,31,7,0,4,17,0,1,5,44,1,1,0,.217,.242,.350,.592
Stephen Drew,WAS,SS,38,70,143,24,38,11,1,8,21,0,1,16,31,0,4,2,.266,.339,.524,.863
Juan Lagares,NYM,OF,32,79,142,15,34,7,2,3,9,4,2,11,27,4,1,2,.239,.301,.380,.681
Alexi Amarista,SD,2B,32,65,140,9,36,2,0,0,11,9,2,8,26,1,1,0,.257,.295,.271,.566
A.J. Ellis,LAD,C,40,53,139,8,27,5,0,1,13,1,1,16,24,3,1,2,.194,.285,.252,.537
Chris Gimenez,CLE,C,38,68,139,17,30,4,0,4,11,0,0,10,41,4,1,1,.216,.272,.331,.603
Chris Heisey,WAS,OF,36,83,139,18,30,3,1,9,17,0,1,13,44,0,1,2,.216,.290,.446,.736
David Wright,NYM,3B,38,37,137,18,31,8,0,7,14,3,2,26,55,0,0,0,.226,.350,.438,.788
Tyler Collins,DET,OF,31,56,136,14,32,2,3,4,15,1,1,13,38,0,1,1,.235,.305,.382,.687
Adalberto Mondesi,KC,SS,25,47,135,16,25,1,3,2,13,9,1,6,48,6,0,2,.185,.231,.281,.512
Preston Tucker,HOU,OF,31,48,134,11,22,8,1,4,8,0,0,8,40,0,0,2,.164,.222,.328,.550
Omar Infante,KC,2B,39,39,134,16,32,9,1,0,11,0,0,9,23,2,4,0,.239,.279,.321,.600
Caleb Joseph,BAL,C,35,49,132,7,23,3,0,0,0,0,0,7,28,2,0,0,.174,.216,.197,.413
Kevin Plawecki,NYM,C,30,48,132,6,26,6,0,1,11,0,0,17,33,0,0,2,.197,.298,.265,.563
Yuli Gurriel,HOU,1B,37,36,130,13,34,7,0,3,15,1,1,5,12,0,1,1,.262,.292,.385,.677
Daniel Castro,ATL,SS,28,47,130,8,26,1,0,0,7,1,1,7,24,2,0,0,.200,.241,.208,.449
Dansby Swanson,ATL,SS,27,38,129,20,39,7,1,3,17,3,0,13,34,1,2,0,.302,.361,.442,.803
Bobby Wilson,TEX,C,38,42,128,11,32,4,0,3,22,0,0,5,33,4,3,1,.250,.277,.352,.629
Josh Bell,PIT,1B,28,45,128,18,35,8,0,3,19,0,1,21,19,0,3,0,.273,.368,.406,.774
Jarrett Parker,SF,OF,32,63,127,22,30,3,1,5,14,0,1,19,44,0,0,5,.236,.358,.394,.752
Jeff Mathis,MIA,C,38,41,126,12,30,4,1,2,15,0,0,4,36,1,0,1,.238,.267,.333,.600
Aaron Hill,BOS,2B,39,47,124,14,27,3,0,2,9,0,0,11,16,0,0,1,.218,.287,.290,.577
Hank Conger,TB,C,33,49,124,6,24,5,0,3,10,0,0,12,40,1,0,0,.194,.265,.306,.571
Drew Butera,KC,C,37,56,123,18,35,10,1,4,16,0,0,8,36,2,0,0,.285,.328,.480,.808
AJ Reed,HOU,DH,28,45,122,11,20,3,0,3,8,0,0,18,48,0,1,0,.164,.270,.262,.532
Kelly Johnson,ATL,2B,39,49,121,8,26,6,0,1,10,1,0,10,25,0,1,0,.215,.273,.289,.562
Tony Kemp,HOU,2B,29,59,120,15,26,4,3,1,7,2,1,14,27,1,1,0,.217,.296,.325,.621
Luke Maile,TB,C,30,42,119,10,27,7,0,3,15,0,0,4,36,3,0,0,.227,.252,.361,.613
Daniel Nava,LAA,OF,38,45,119,10,28,5,0,1,13,0,0,9,26,0,3,5,.235,.309,.303,.612
Josh Thole,TOR,C,34,50,118,7,20,3,0,1,7,0,0,13,28,2,2,1,.169,.254,.220,.474
Alex Presley,MIL,OF,35,47,116,12,23,2,0,3,11,0,2,11,25,0,1,1,.198,.271,.293,.564
Carlos Gomez,TEX,OF,35,33,116,18,33,6,0,8,24,5,3,13,36,0,0,1,.284,.362,.543,.905
Marlon Byrd,CLE,OF,43,34,115,11,31,6,0,5,19,0,0,11,38,0,3,0,.270,.326,.452,.778
Max Muncy,OAK,2B,30,51,113,13,21,2,0,2,8,0,0,20,24,0,0,0,.186,.308,.257,.565
Mac Williamson,SF,OF,31,54,112,14,25,3,0,6,15,0,1,13,35,0,0,2,.223,.315,.411,.726
Ji-Man Choi,LAA,1B,30,54,112,9,19,4,0,5,12,2,4,16,27,0,1,0,.170,.271,.339,.610
Albert Almora,CHC,OF,27,47,112,14,31,9,1,3,14,0,0,5,20,0,0,0,.277,.308,.455,.763
Mitch Haniger,ARI,OF,30,34,109,9,25,2,1,5,17,0,0,12,27,0,1,1,.229,.309,.404,.713
Luis Sardinas,SD,SS,28,34,108,13,31,6,1,2,13,3,1,11,23,1,0,0,.287,.353,.417,.770
Kelby Tomlinson,SF,2B,31,52,106,13,31,4,0,0,6,5,1,12,18,1,0,1,.292,.370,.330,.700
T.J. Rivera,NYM,3B,32,33,105,10,35,4,1,3,16,0,0,3,17,0,4,1,.333,.345,.476,.821
Andrew Benintendi,BOS,OF,27,34,105,16,31,11,1,2,14,1,0,10,25,1,1,1,.295,.359,.476,.835
Andrew Toles,LAD,OF,29,48,105,19,33,9,1,3,16,1,1,8,25,0,1,1,.314,.365,.505,.870
Ryan Hanigan,BOS,C,40,35,105,9,18,4,0,1,14,0,0,7,27,0,0,1,.171,.230,.238,.468
Mike Moustakas,KC,2B,32,27,104,12,25,6,0,7,13,0,1,9,13,0,0,0,.240,.301,.500,.801
Oswaldo Arcia,MIN,OF,30,32,103,8,22,4,0,4,12,0,0,10,46,0,0,1,.214,.289,.369,.658
Chris Coghlan,CHC,3B,36,48,103,21,26,7,2,1,16,1,0,22,26,0,1,2,.252,.391,.388,.779
Scott Van Slyke,LAD,OF,35,52,102,10,23,6,0,1,7,1,2,5,24,0,1,5,.225,.292,.314,.606
Omar Narvaez,CWS,C,29,34,101,13,27,4,0,1,10,0,0,14,14,0,2,0,.267,.350,.337,.687
Teoscar Hernandez,HOU,OF,28,41,100,15,23,7,0,4,11,0,2,11,28,0,1,0,.230,.304,.420,.724
Brandon Barnes,COL,OF,35,48,100,10,22,6,2,0,8,1,2,3,30,5,0,1,.220,.250,.320,.570
Jose Lobaton,WAS,C,36,39,99,10,23,3,1,3,8,0,0,12,18,1,1,1,.232,.319,.374,.693
Shane Robinson,LAA,OF,36,65,98,16,17,3,0,1,10,3,2,10,17,2,0,1,.173,.257,.235,.492
Chris Stewart,PIT,C,39,34,98,10,21,4,0,1,7,0,0,12,15,0,0,3,.214,.319,.286,.605
Joey Wendle,OAK,2B,31,28,96,11,25,1,0,1,11,2,0,6,16,0,2,0,.260,.298,.302,.600
Socrates Brito,ARI,OF,28,40,95,10,17,3,1,4,12,2,0,2,23,0,0,0,.179,.196,.358,.554
Michael Martinez,CLE,2B,38,59,95,15,23,4,0,1,4,0,2,3,21,1,0,0,.242,.265,.316,.581
Steven Moya,DET,OF,29,31,94,9,24,4,2,5,11,0,1,5,38,0,1,0,.255,.290,.500,.790
Bruce Maxwell,OAK,C,30,33,92,8,26,6,1,1,14,0,0,8,24,0,1,0,.283,.337,.402,.739
Ben Paulsen,COL,1B,33,39,92,8,20,5,0,1,11,0,0,5,27,0,0,0,.217,.258,.304,.562
Guillermo Heredia,SEA,OF,30,45,92,12,23,3,0,1,12,1,1,12,15,1,0,2,.250,.349,.315,.664
Casey McGehee,DET,3B,38,30,92,4,21,1,0,0,1,0,0,3,14,0,0,1,.228,.260,.239,.499
Tuffy Gosewisch,ARI,C,37,33,90,8,14,1,1,3,7,0,0,7,22,1,0,1,.156,.224,.289,.513
Anthony Recker,ATL,C,37,33,90,6,25,8,0,2,15,1,0,16,22,3,1,2,.278,.394,.433,.827
Matt Reynolds,NYM,3B,30,47,89,11,20,8,0,3,13,0,1,4,34,2,0,1,.225,.266,.416,.682
Bobby Wilson,TB,C,38,28,87,14,20,2,0,4,9,0,0,5,28,3,0,0,.230,.272,.391,.663
Ramiro Pena,SF,2B,36,30,87,9,26,6,1,1,10,0,0,2,16,0,0,2,.299,.330,.425,.755
Kaleb Cowart,LAA,3B,29,31,85,8,15,4,0,1,8,0,0,0,23,0,1,1,.176,.184,.259,.443
Bryan Holaday,TEX,C,33,30,84,14,20,6,1,2,13,0,1,5,16,1,2,2,.238,.290,.405,.695
Aaron Judge,NYY,OF,29,27,84,10,15,2,0,4,10,0,1,9,42,0,1,1,.179,.263,.345,.608
Darin Ruf,PHI,OF,34,43,83,8,17,2,0,3,9,0,1,4,25,0,2,0,.205,.236,.337,.573
Tyler Austin,NYY,1B,29,31,83,7,20,3,0,5,12,1,0,7,36,0,0,0,.241,.300,.458,.758
John Ryan Murphy,MIN,C,30,26,82,4,12,3,0,1,3,0,0,5,19,2,1,0,.146,.193,.220,.413
Brandon Guyer,CLE,OF,35,38,81,12,27,5,0,2,14,1,1,7,13,0,0,8,.333,.438,.469,.907
Nick Buss,LAA,OF,34,36,81,7,16,7,1,1,8,2,1,6,24,1,2,0,.198,.247,.346,.593
Carl Crawford,LAD,OF,39,30,81,8,15,2,1,0,6,0,1,4,11,0,1,1,.185,.230,.235,.465
Taylor Motter,TB,SS,31,34,80,11,15,3,0,2,9,0,1,11,19,0,1,1,.188,.290,.300,.590
Erick Aybar,DET,SS,37,29,80,7,20,5,0,1,8,0,0,11,11,0,0,0,.250,.341,.350,.691
Geovany Soto,LAA,C,38,26,78,11,21,5,0,4,9,0,0,6,21,2,0,0,.269,.321,.487,.808
Jake Elmore,MIL,OF,34,59,78,7,17,2,0,0,4,2,3,17,17,2,0,2,.218,.371,.244,.615
Eric Fryer,PIT,C,35,36,78,12,17,2,1,0,8,0,2,10,18,2,2,0,.218,.300,.269,.569
Josh Phegley,OAK,C,33,26,78,11,20,6,0,1,10,0,0,5,13,0,1,2,.256,.314,.372,.686
Matt Duffy,TB,3B,30,21,76,9,21,3,0,1,7,0,1,3,13,0,1,0,.276,.300,.355,.655
Eric Campbell,NYM,1B,34,40,75,9,13,1,0,1,9,1,0,10,24,0,1,2,.173,.284,.227,.511
Rob Segedin,LAD,1B,32,40,73,9,17,2,1,2,12,0,0,6,22,0,2,2,.233,.301,.370,.671
Brandon Nimmo,NYM,OF,28,32,73,12,20,1,0,1,6,0,0,6,20,0,0,1,.274,.338,.329,.667
Luis Sardinas,SEA,SS,28,32,72,12,13,0,0,2,5,1,1,1,25,3,0,1,.181,.203,.264,.467
Manny Pina,MIL,C,34,33,71,4,18,4,0,2,12,0,1,10,15,0,0,0,.254,.346,.394,.740
Jabari Blash,SD,OF,32,38,71,7,12,2,0,3,5,1,0,11,34,0,0,2,.169,.298,.324,.622
Dustin Garneau,COL,C,33,24,68,7,16,6,0,1,6,0,0,6,22,0,1,0,.235,.293,.368,.661
Steve Clevenger,SEA,C,35,22,68,7,15,3,0,1,7,0,0,8,14,0,0,0,.221,.303,.309,.612
Charlie Culberson,LAD,OF,32,34,67,6,20,3,0,1,7,1,0,1,13,0,0,0,.299,.309,.388,.697
David Lough,PHI,OF,35,30,67,6,16,3,1,0,4,1,2,9,8,0,1,2,.239,.342,.313,.655
Yadiel Rivera,MIL,SS,29,35,66,12,14,4,0,0,3,0,0,2,20,3,0,0,.212,.235,.273,.508
Peter O'Brien,ARI,OF,31,28,64,6,9,1,0,5,9,0,0,3,27,0,0,0,.141,.179,.391,.570
Ehire Adrianza,SF,SS,31,40,63,3,16,2,0,2,7,0,1,2,13,4,0,2,.254,.299,.381,.680
Logan Schafer,MIN,OF,34,26,63,8,15,3,1,0,1,0,0,8,16,1,0,2,.238,.342,.317,.659
Blake Swihart,BOS,OF,29,19,62,9,16,0,3,0,5,0,1,11,17,0,1,0,.258,.365,.355,.720
Xavier Scruggs,MIA,1B,33,24,62,1,13,3,0,1,5,0,0,5,20,0,0,2,.210,.290,.306,.596
Dustin Ackley,NYY,1B,33,28,61,6,9,0,0,0,4,0,0,8,9,0,1,0,.148,.243,.148,.391
Bryce Brentz,BOS,OF,32,25,61,8,17,3,0,1,7,0,0,3,17,0,0,0,.279,.313,.377,.690
Tony Renda,CIN,2B,30,32,60,4,11,2,0,0,3,0,0,5,11,2,0,0,.183,.246,.217,.463
Steve Pearce,BAL,1B,38,25,60,9,13,2,0,3,6,0,0,8,14,0,0,2,.217,.329,.400,.729
Ty Kelly,NYM,2B,33,39,58,9,14,1,1,1,7,0,0,11,9,0,2,0,.241,.352,.345,.697
Chris Taylor,LAD,2B,30,34,58,8,12,2,2,1,7,0,0,4,13,0,0,0,.207,.258,.362,.620
Wilmer Difo,WAS,SS,29,31,58,14,16,3,0,1,7,3,0,8,12,0,0,0,.276,.364,.379,.743
Alexei Ramirez,TB,SS,39,17,57,5,14,3,0,1,7,2,0,4,7,1,0,0,.246,.295,.351,.646
Roman Quinn,PHI,OF,28,15,57,10,15,4,0,0,6,5,1,8,19,2,0,2,.263,.373,.333,.706
Hanser Alberto,TEX,2B,28,35,56,2,8,1,0,0,5,1,0,0,17,2,0,0,.143,.143,.161,.304
Erik Kratz,PIT,C,41,18,56,3,6,1,0,1,4,0,0,0,18,1,0,0,.107,.107,.179,.286
Stephen Cardullo,COL,OF,33,27,56,5,12,3,1,2,6,0,0,3,12,0,0,0,.214,.254,.411,.665
Jerry Sands,CWS,1B,33,24,55,2,13,0,0,1,7,0,0,3,24,0,0,0,.236,.276,.291,.567
Gorkys Hernandez,SF,OF,33,26,54,7,14,5,0,2,4,0,1,3,11,0,0,0,.259,.298,.463,.761
Oswaldo Arcia,TB,OF,30,21,54,7,14,2,1,2,7,1,1,6,19,0,1,0,.259,.328,.444,.772
Coco Crisp,CLE,OF,41,20,53,9,11,3,0,2,8,3,0,9,13,2,0,0,.208,.323,.377,.700
Jaff Decker,TB,OF,31,19,52,1,8,1,0,0,1,1,0,4,14,0,1,0,.154,.211,.173,.384
Jordan Pacheco,CIN,C,35,31,51,1,8,4,0,0,0,0,0,0,14,0,0,0,.157,.157,.235,.392
Cole Gillespie,MIA,OF,37,41,51,7,12,3,2,0,5,0,0,3,14,0,1,0,.235,.273,.373,.646
Steve Selsky,CIN,3B,32,24,51,9,16,2,0,2,7,1,0,2,22,1,0,0,.314,.340,.471,.811
Marco Hernandez,BOS,2B,28,40,51,11,15,1,0,1,5,1,0,5,10,0,0,0,.294,.357,.373,.730
Chad Pinder,OAK,2B,29,22,51,4,12,4,0,1,4,0,0,3,14,0,1,0,.235,.273,.373,.646
Jason Coats,CWS,OF,31,28,50,8,10,4,0,1,4,1,0,5,12,1,0,2,.200,.298,.340,.638
Jemile Weeks,SD,2B,34,17,50,5,7,1,1,0,2,1,0,3,14,3,0,1,.140,.204,.200,.404
Devin Mesoraco,CIN,C,33,16,50,2,7,1,0,0,1,0,1,5,10,0,0,0,.140,.218,.160,.378
Jeff Francoeur,MIA,OF,37,26,50,4,14,2,1,0,1,0,2,4,15,1,0,0,.280,.333,.360,.693
Josh Rutledge,BOS,3B,32,28,49,9,13,6,0,0,3,2,0,6,19,1,0,0,.265,.345,.388,.733
Richie Shaffer,TB,OF,30,20,48,5,12,6,0,1,4,0,1,5,18,0,1,0,.250,.315,.438,.753
Cory Spangenberg,SD,2B,30,14,48,6,11,1,1,1,8,1,0,4,13,0,0,1,.229,.302,.354,.656
Tyler Ladendorf,OAK,2B,33,45,48,6,4,0,0,0,1,2,0,1,13,1,0,0,.083,.102,.083,.185
Leury Garcia,CWS,SS,30,18,48,6,11,1,1,1,5,2,1,1,13,0,0,1,.229,.260,.354,.614
Colin Walsh,MIL,3B,31,38,47,4,4,1,0,0,2,0,0,15,22,0,0,1,.085,.317,.106,.423
Brandon Snyder,ATL,3B,34,37,46,8,11,5,1,4,9,0,0,1,16,0,0,0,.239,.255,.652,.907
Grant Green,SF,2B,33,18,46,7,12,2,0,1,7,0,0,3,8,0,1,0,.261,.300,.370,.670
Jared Hoying,TEX,OF,32,39,46,8,10,2,0,0,5,1,0,3,8,0,0,0,.217,.265,.261,.526
Michael Bourn,BAL,OF,38,24,46,5,13,1,0,2,8,2,0,6,9,2,1,0,.283,.358,.435,.793
Emmanuel Burriss,PHI,2B,36,39,45,3,5,1,1,0,0,1,0,2,10,1,0,2,.111,.184,.178,.362
Hernan Iribarren,CIN,1B,37,24,45,6,14,0,3,0,2,1,0,0,11,0,0,0,.311,.311,.444,.755
Tom Murphy,COL,C,30,21,44,8,12,2,0,5,13,1,0,4,19,0,0,1,.273,.347,.659,1.006
Oswaldo Arcia,SD,OF,30,14,43,2,5,1,0,2,4,0,0,2,14,0,0,0,.116,.156,.279,.435
Matt McBride,OAK,C,36,20,43,4,9,3,0,0,2,0,0,1,10,0,0,0,.209,.227,.279,.506
Hector Sanchez,SD,C,31,26,42,3,12,1,0,3,7,0,0,3,8,0,0,1,.286,.348,.524,.872
Brian Goodwin,WAS,OF,30,22,42,1,12,4,1,0,5,0,0,2,14,0,0,0,.286,.318,.429,.747
Mark Canha,OAK,OF,32,16,41,4,5,0,0,3,6,0,1,0,20,1,1,1,.122,.140,.341,.481
Rey Fuentes,KC,OF,30,13,41,2,13,1,0,0,5,0,2,3,8,0,0,0,.317,.364,.341,.705
AJ Pollock,ARI,OF,33,12,41,9,10,0,0,2,4,4,0,5,8,0,0,0,.244,.326,.390,.716
Francisco Pena,BAL,C,31,14,40,5,8,0,0,1,3,0,0,2,14,1,0,0,.200,.238,.275,.513
Ben Gamel,SEA,OF,29,27,40,8,8,2,0,1,5,0,0,5,15,2,0,0,.200,.289,.325,.614
Brett Nicholas,TEX,C,33,15,40,5,11,5,0,2,4,0,0,4,9,0,0,1,.275,.356,.550,.906
Michael Brantley,CLE,OF,34,11,39,5,9,2,0,0,7,1,0,3,6,0,1,0,.231,.279,.282,.561
Danny Worth,HOU,2B,35,16,39,4,7,2,0,0,1,0,0,1,6,0,0,0,.179,.200,.231,.431
Jose Pirela,SD,OF,31,15,39,2,6,2,0,0,0,0,1,1,9,1,0,0,.154,.175,.205,.380
Alberto Rosario,STL,C,34,20,38,3,7,2,0,0,2,0,0,2,5,1,0,0,.184,.225,.237,.462
Raimel Tapia,COL,OF,27,22,38,4,10,0,0,0,3,3,0,2,11,0,1,0,.263,.293,.263,.556
Drew Stubbs,ATL,OF,36,20,38,6,9,0,0,1,3,4,0,4,20,0,0,0,.237,.310,.316,.626
Eric Fryer,STL,C,35,24,38,7,14,2,0,0,5,0,1,3,7,0,0,0,.368,.415,.421,.836
Emilio Bonifacio,ATL,OF,36,24,38,6,8,0,0,0,3,1,0,3,12,2,0,0,.211,.268,.211,.479
Manuel Margot,SD,OF,26,10,37,4,9,4,1,0,3,2,0,0,7,0,0,0,.243,.243,.405,.648
Billy Burns,KC,OF,31,24,37,7,9,0,0,0,1,3,2,0,7,0,1,2,.243,.275,.243,.518
Carlos Ruiz,LAD,C,42,14,36,3,10,2,0,0,3,0,0,3,5,0,0,1,.278,.350,.333,.683
Hunter Renfroe,SD,OF,29,11,35,8,13,3,0,4,14,0,0,1,5,0,0,0,.371,.389,.800,1.189
Junior Lake,TOR,OF,31,22,35,5,7,3,0,1,2,1,0,4,11,0,0,0,.200,.282,.371,.653
Matt den Dekker,WAS,OF,33,19,34,3,6,1,0,1,4,1,0,4,10,0,0,1,.176,.282,.294,.576
Cedric Hunter,PHI,OF,33,13,34,3,3,0,0,1,1,0,0,2,6,0,0,0,.088,.139,.176,.315
Craig Gentry,LAA,OF,37,14,34,2,5,1,0,0,2,0,0,3,6,1,0,1,.147,.237,.176,.413
Ruben Tejada,STL,SS,31,23,34,6,6,2,0,0,3,0,0,2,8,0,3,1,.176,.225,.235,.460
Bryan Holaday,BOS,C,33,14,33,3,7,1,0,0,1,0,0,2,12,0,0,0,.212,.257,.242,.499
Dioner Navarro,TOR,C,37,16,33,1,6,0,0,0,3,0,0,3,8,0,0,0,.182,.250,.182,.432
Ruben Tejada,SF,SS,31,13,32,3,5,3,0,0,2,0,0,5,5,1,0,0,.156,.270,.250,.520
A.J. Ellis,PHI,C,40,11,32,3,10,3,0,1,9,1,0,3,7,0,0,0,.313,.371,.500,.871
Austin Barnes,LAD,C,31,21,32,3,5,1,0,0,2,0,0,5,9,0,0,0,.156,.270,.188,.458
Paul Janish,BAL,SS,38,14,31,3,6,1,0,0,0,0,0,3,3,0,0,1,.194,.286,.226,.512
Kyle Jensen,ARI,OF,33,17,31,5,6,0,1,2,7,0,0,2,13,0,0,1,.194,.265,.452,.717
Alen Hanson,PIT,2B,28,27,31,5,7,1,0,0,1,2,1,2,5,0,0,0,.226,.273,.258,.531
Tim Federowicz,CHC,C,33,17,31,3,6,2,0,0,3,0,0,1,12,0,1,0,.194,.212,.258,.470
Reid Brignac,ATL,3B,35,13,29,3,6,2,0,0,1,0,0,0,8,0,0,0,.207,.207,.276,.483
Erik Kratz,HOU,C,41,15,29,0,2,1,0,0,0,0,0,1,14,0,0,0,.069,.100,.103,.203
Chris Colabello,TOR,1B,37,10,29,0,2,0,0,0,1,0,0,2,9,0,0,1,.069,.156,.069,.225
Billy Butler,NYY,1B,35,12,29,3,10,2,0,1,4,0,0,2,8,0,1,0,.345,.375,.517,.892
JaCoby Jones,DET,OF,29,13,28,3,6,3,0,0,2,0,0,0,12,0,0,0,.214,.214,.321,.535
Pedro Severino,WAS,C,28,16,28,6,9,2,0,2,4,0,0,5,3,0,0,1,.321,.441,.607,1.048
Todd Cunningham,LAA,OF,32,20,27,5,4,3,0,0,1,0,1,1,6,1,0,0,.148,.179,.259,.438
Mason Williams,NYY,OF,29,12,27,4,8,1,0,0,2,0,0,1,12,1,0,0,.296,.321,.333,.654
Darrell Ceciliani,TOR,OF,31,13,27,2,3,2,0,0,1,0,0,1,14,0,0,1,.111,.172,.185,.357
Will Middlebrooks,MIL,3B,32,10,27,2,3,0,0,0,1,0,0,4,13,0,0,0,.111,.226,.111,.337
Don Kelly,MIA,1B,41,13,27,2,4,0,2,0,3,0,0,2,5,0,1,0,.148,.200,.296,.496
Cole Figueroa,PIT,2B,34,23,26,0,4,0,0,0,3,1,0,1,2,0,0,0,.154,.185,.154,.339
Taylor Featherston,PHI,2B,31,19,26,2,3,1,0,0,1,2,0,2,11,0,0,0,.115,.179,.154,.333
Jose Rondon,SD,2B,27,8,25,1,3,0,0,0,1,0,0,1,4,0,0,0,.120,.154,.120,.274
Jason Rogers,PIT,1B,33,23,25,2,2,0,1,0,2,0,0,7,9,0,0,1,.080,.303,.160,.463
Jesus Sucre,SEA,C,33,9,25,4,12,2,0,1,5,0,0,2,5,0,0,2,.480,.552,.680,1.232
Destin Hood,MIA,OF,31,13,25,3,6,1,0,1,2,0,1,0,11,0,0,0,.240,.240,.400,.640
Joey Gallo,TEX,OF,27,17,25,2,1,0,0,1,1,1,0,5,19,0,0,0,.040,.200,.160,.360
Austin Hedges,SD,C,28,8,24,2,3,1,0,0,1,0,1,0,7,0,1,1,.125,.154,.167,.321
Andy Wilkins,MIL,1B,32,26,24,3,3,1,0,1,3,1,0,3,10,0,0,0,.125,.222,.292,.514
Pedro Florimon,PIT,SS,34,18,24,4,5,1,1,0,4,0,1,1,12,0,0,0,.208,.240,.333,.573
Carlos Asuaje,SD,2B,29,7,24,2,5,2,0,0,2,0,0,1,4,0,0,0,.208,.240,.292,.532
Robert Andino,MIA,2B,37,13,24,2,7,0,0,0,1,0,0,0,4,0,0,0,.292,.292,.292,.584
Andre Ethier,LAD,OF,39,16,24,2,5,1,0,1,2,0,0,2,6,0,0,0,.208,.269,.375,.644
Colin Moran,HOU,1B,28,9,23,1,3,1,0,0,2,0,0,1,8,0,0,1,.130,.200,.174,.374
Michael Reed,MIL,OF,28,8,22,3,4,0,0,0,0,1,0,2,7,0,0,0,.182,.250,.182,.432
Drew Stubbs,BAL,OF,36,20,22,1,3,0,0,0,1,1,1,4,11,0,0,1,.136,.296,.136,.432
Donovan Solano,NYY,2B,33,9,22,5,5,2,0,1,2,0,0,1,3,0,0,0,.227,.261,.455,.716
James Beresford,MIN,1B,32,10,22,0,5,1,0,0,0,0,0,1,6,1,0,0,.227,.261,.273,.534
Kyle Waldrop,CIN,OF,29,15,22,1,5,1,0,0,1,0,1,1,5,0,0,0,.227,.261,.273,.534
Matt Olson,OAK,1B,27,11,21,3,2,1,0,0,0,0,0,7,4,0,0,0,.095,.321,.143,.464
Munenori Kawasaki,CHC,2B,40,14,21,3,7,2,0,0,1,2,0,4,5,0,0,1,.333,.462,.429,.891
Drew Stubbs,TEX,OF,36,19,20,6,6,0,0,2,3,4,0,4,7,0,1,0,.300,.400,.600,1.000
Justin Ruggiano,NYM,OF,39,8,20,4,7,0,0,2,6,0,1,2,9,0,0,0,.350,.409,.650,1.059
Hunter Dozier,KC,1B,29,8,19,4,4,1,0,0,1,0,0,2,8,0,0,0,.211,.286,.263,.549
Arismendy Alcantara,OAK,OF,29,16,19,2,4,1,0,0,2,3,3,0,8,0,0,0,.211,.211,.263,.474
Daniel Robertson,SEA,OF,35,9,19,1,5,1,0,0,1,0,1,1,3,1,0,0,.263,.300,.316,.616
Pat Valaika,COL,2B,28,13,19,3,5,1,0,1,2,0,0,0,8,0,0,0,.263,.263,.474,.737
Yoan Moncada,BOS,3B,26,8,19,3,4,1,0,0,1,0,0,1,12,0,0,0,.211,.250,.263,.513
Hector Olivera,ATL,OF,36,6,19,2,4,1,0,0,2,0,0,1,5,0,1,0,.211,.238,.263,.501
Nick Noonan,SD,SS,32,7,18,0,3,0,0,0,1,0,1,1,5,0,1,0,.167,.200,.167,.367
Jordan Patterson,COL,OF,29,10,18,1,8,1,0,0,2,0,1,1,1,0,0,0,.444,.474,.500,.974
Will Venable,LAD,OF,38,12,18,2,1,1,0,0,0,0,0,0,5,0,0,1,.056,.105,.111,.216
Stefen Romero,SEA,OF,32,9,17,1,4,1,0,0,3,0,0,1,4,0,1,0,.235,.263,.294,.557
Andrew Susac,MIL,C,31,9,17,3,4,1,0,1,2,0,0,2,5,0,0,0,.235,.316,.471,.787
Jorge Alfaro,PHI,C,28,6,16,0,2,0,0,0,0,0,0,1,8,0,0,0,.125,.176,.125,.301
Erik Gonzalez,CLE,SS,29,21,16,2,5,0,0,0,0,0,1,1,8,0,0,0,.313,.353,.313,.666
Kevan Smith,CWS,C,33,7,16,2,2,0,0,0,0,0,0,0,6,0,0,0,.125,.125,.125,.250
Patrick Kivlehan,SD,3B,31,5,16,5,4,0,0,1,2,0,0,2,9,0,0,1,.250,.368,.438,.806
Jose Martinez,STL,DH,32,12,16,4,7,1,0,0,1,0,0,2,1,0,0,0,.438,.500,.500,1.000
Jacob Stallings,PIT,C,31,5,15,0,6,1,0,0,2,1,0,0,4,0,0,0,.400,.400,.467,.867
Renato Nunez,OAK,1B,27,9,15,0,2,0,0,0,1,0,0,0,3,0,0,0,.133,.133,.133,.266
Jimmy Paredes,TOR,OF,32,7,15,2,4,1,0,1,2,0,0,2,4,0,0,0,.267,.353,.533,.886
Juan Graterol,LAA,C,32,9,14,2,4,2,0,0,3,0,0,0,3,1,0,0,.286,.286,.429,.715
Trey Mancini,BAL,1B,29,5,14,3,5,1,0,3,5,0,0,0,4,0,0,1,.357,.400,1.071,1.471
Ike Davis,NYY,1B,34,8,14,2,3,0,0,0,1,0,0,1,5,0,0,0,.214,.267,.214,.481
Bobby Wilson,DET,C,38,5,13,0,2,0,0,0,2,0,0,1,3,0,1,0,.154,.200,.154,.354
Julio Borbon,BAL,OF,35,6,13,1,4,0,0,0,0,0,1,0,3,2,0,0,.308,.308,.308,.616
Mike Freeman,SEA,2B,33,13,13,1,5,1,0,0,1,0,0,0,2,0,0,0,.385,.385,.462,.847
Tomas Telis,MIA,C,30,10,13,1,4,0,0,1,4,0,0,0,2,0,0,0,.308,.308,.538,.846
Max Stassi,HOU,C,30,9,13,1,1,0,0,0,0,0,0,0,5,0,0,0,.077,.077,.077,.154
Blake Lalli,ATL,C,38,10,13,0,2,1,0,0,1,0,0,0,3,0,0,0,.154,.154,.231,.385
Carson Kelly,STL,C,27,10,13,1,2,1,0,0,1,0,0,0,2,0,0,1,.154,.214,.231,.445
Brendan Ryan,LAA,2B,39,17,13,1,1,0,0,0,0,0,0,0,7,1,0,0,.077,.077,.077,.154
Brayan Pena,STL,C,39,9,13,0,2,1,0,0,0,0,0,1,2,0,0,0,.154,.214,.231,.445
Deven Marrero,BOS,SS,30,13,12,0,1,0,0,0,0,0,0,2,5,0,0,0,.083,.214,.083,.297
Daniel Vogelbach,SEA,1B,28,8,12,0,1,0,0,0,0,0,0,1,6,0,0,0,.083,.154,.083,.237
Collin Cowgill,CLE,OF,35,9,12,0,1,0,0,0,0,0,0,2,7,0,0,0,.083,.214,.083,.297
Matt Dominguez,TOR,3B,31,5,11,0,0,0,0,0,0,0,0,1,3,0,0,0,.000,.083,.000,.083
Juniel Querecuto,TB,2B,28,4,11,1,1,0,1,0,2,0,0,0,6,0,0,0,.091,.091,.273,.364
Oscar Hernandez,ARI,C,28,4,11,1,2,0,0,1,1,0,0,0,0,0,0,0,.182,.182,.455,.637
Jeimer Candelario,CHC,1B,27,5,11,0,1,0,0,0,0,0,0,2,5,0,0,1,.091,.286,.091,.377
Daniel Nava,KC,OF,38,9,11,1,1,1,0,0,0,0,0,1,4,0,0,0,.091,.167,.182,.349
Dixon Machado,DET,SS,29,8,10,1,1,0,0,0,0,0,0,3,4,0,0,0,.100,.308,.100,.408
Darin Mastroianni,MIN,OF,35,7,9,1,0,0,0,0,0,1,0,2,4,0,0,0,.000,.182,.000,.182
Mike Freeman,ARI,2B,33,8,9,0,0,0,0,0,0,0,0,2,5,0,0,0,.000,.182,.000,.182
Rusney Castillo,BOS,OF,33,9,8,4,2,1,0,0,0,0,0,0,3,0,0,0,.250,.250,.375,.625
Ben Gamel,NYY,OF,29,6,8,1,1,0,0,0,0,0,0,1,1,1,0,0,.125,.222,.125,.347
Chris Parmelee,NYY,1B,33,6,8,4,4,1,0,2,4,0,0,0,3,0,0,0,.500,.500,1.375,1.875
Mike Morse,PIT,1B,39,6,8,0,0,0,0,0,0,0,0,0,2,0,0,0,.000,.000,.000,.000
Hector Sanchez,CWS,C,31,2,7,0,1,0,0,0,1,0,0,1,2,0,0,0,.143,.250,.143,.393
Raffy Lopez,CIN,C,33,8,7,0,0,0,0,0,0,0,0,0,3,0,0,0,.000,.000,.000,.000
Rio Ruiz,ATL,3B,27,5,7,1,2,0,1,0,2,1,0,0,2,0,0,0,.286,.286,.571,.857
Ryan Kalish,CHC,OF,33,7,7,1,2,0,0,0,2,0,0,1,0,1,0,1,.286,.444,.286,.730
Pablo Sandoval,BOS,1B,34,3,6,0,0,0,0,0,0,0,0,1,4,0,0,0,.000,.143,.000,.143
Andy Burns,TOR,3B,30,10,6,2,0,0,0,0,0,0,0,0,2,0,0,1,.000,.143,.000,.143
Micah Johnson,LAD,2B,30,7,6,1,1,0,0,0,0,0,0,0,1,0,0,0,.167,.167,.167,.334
Michael Martinez,BOS,2B,38,4,6,1,1,0,0,0,0,0,0,1,2,0,0,0,.167,.286,.167,.453
Jesus Aguilar,CLE,1B,31,9,6,0,0,0,0,0,0,0,0,0,1,0,0,0,.000,.000,.000,.000
Gavin Cecchini,NYM,2B,27,4,6,2,2,2,0,0,2,0,0,0,2,0,0,1,.333,.429,.667,1.096
Zach Walters,LAD,OF,31,3,5,0,0,0,0,0,0,0,0,0,2,0,0,0,.000,.000,.000,.000
Ryan LaMarre,BOS,OF,32,6,5,1,0,0,0,0,0,0,0,1,2,0,0,0,.000,.167,.000,.167
Rafael Ynoa,COL,OF,33,3,5,0,0,0,0,0,0,0,0,0,2,0,0,0,.000,.000,.000,.000
Josmil Pinto,MIL,C,32,6,5,1,0,0,0,0,0,0,0,1,4,0,0,0,.000,.167,.000,.167
Patrick Kivlehan,CIN,3B,31,3,5,0,0,0,0,0,0,0,0,0,2,0,0,0,.000,.000,.000,.000
Adam Moore,CLE,C,37,9,5,0,0,0,0,0,0,0,0,0,4,0,0,0,.000,.000,.000,.000
Gordon Beckham,SF,2B,34,3,5,0,0,0,0,0,1,0,0,0,2,0,1,0,.000,.000,.000,.000
Alex Presley,DET,OF,35,3,5,0,1,0,0,0,0,0,0,0,0,0,0,0,.200,.200,.200,.400
Kyle Schwarber,CHC,OF,28,2,4,0,0,0,0,0,0,0,0,1,2,0,0,0,.000,.200,.000,.200
Elias Diaz,PIT,C,30,1,4,0,0,0,0,0,1,0,0,0,1,0,0,0,.000,.000,.000,.000
Tony Cruz,KC,C,34,4,4,0,0,0,0,0,1,0,0,0,3,0,1,0,.000,.000,.000,.000
Justin Ruggiano,TEX,OF,39,1,4,0,1,1,0,0,1,0,0,0,1,0,0,0,.250,.250,.500,.750
Yefri Perez,MIA,SS,30,12,3,5,2,1,0,0,0,4,2,0,1,0,0,0,.667,.667,1.000,1.667
Matt Duffy,HOU,3B,32,3,3,0,0,0,0,0,0,0,0,0,2,0,0,0,.000,.000,.000,.000
Terrance Gore,KC,OF,30,17,3,6,0,0,0,0,0,11,2,0,1,0,0,0,.000,.000,.000,.000
Chris Taylor,SEA,2B,30,2,3,0,1,0,0,0,0,0,0,0,2,0,0,0,.333,.333,.333,.666
Matt Tuiasosopo,ATL,OF,35,3,3,0,0,0,0,0,0,0,0,0,1,0,0,0,.000,.000,.000,.000
Dalton Pompey,TOR,OF,28,8,2,3,0,0,0,0,0,2,1,0,1,0,0,0,.000,.000,.000,.000
Max Moroff,PIT,2B,28,2,2,0,0,0,0,0,0,0,0,0,2,0,0,0,.000,.000,.000,.000
Oswaldo Arcia,MIA,OF,30,2,2,0,0,0,0,0,0,0,0,0,1,0,0,0,.000,.000,.000,.000
Charlie Tilson,CWS,OF,28,1,2,0,1,0,0,0,0,0,0,0,0,0,0,0,.500,.500,.500,1.000
John Hicks,DET,C,31,1,2,1,1,1,0,0,0,0,0,0,0,0,0,0,.500,.500,1.000,1.500
Matt Davidson,CWS,DH,30,1,2,1,1,0,0,0,1,0,0,0,1,0,0,0,.500,.500,.500,1.000
Andrew Lambo,OAK,OF,32,1,1,0,0,0,0,0,0,0,0,0,0,0,0,0,.000,.000,.000,.000
Mike Miller,BOS,2B,31,1,1,0,0,0,0,0,0,0,0,0,0,0,0,0,.000,.000,.000,.000
Eric Young,NYY,OF,36,6,1,2,0,0,0,0,0,1,0,0,0,0,0,0,.000,.000,.000,.000
Mike McKenry,STL,C,36,3,1,0,0,0,0,0,0,0,0,0,1,1,0,0,.000,.000,.000,.000
Spencer Kieboom,WAS,C,30,1,0,1,0,0,0,0,0,0,0,1,0,0,0,0,.000,1.000,.000,1.000